"name","group","size","id","location","state"
"PallasSeeds","Retweet",0.1,1,"","Unknown"
"jrjr58","Retweet",0.1,2,"Valparaiso, IN","Indiana"
"frenchrw","Retweet",0.1,3,"TX & OK Panhandles, SW KS","Texas"
"Pioneer_IL","Retweet",0.1,4,"Illinois, USA","Illinois"
"DarrenVanness","Retweet",0.1,5,"Wausa,NE","Nebraska"
"DeanSeeds_Jeff","Retweet",0.1,6,"","Unknown"
"Mike_Eiberger","Retweet",0.1,7,"","Unknown"
"CowboyCubby","Both",46,8,"Adams, NE","Nebraska"
"DubbertRon","Retweet",0.1,9,"","Unknown"
"farmerbuck1","Retweet",0.1,10,"Goodhue, MN","Minnesota"
"jrodhans","Retweet",0.1,11,"","Unknown"
"joeuknow16","Retweet",0.1,12,"Walhalla, ND","North Dakota"
"CameronHild","Retweet",0.1,13,"Altona, MB, Canada","Manitoba"
"Horwart_P","Retweet",0.1,14,"","Unknown"
"jeffmillerttu","Retweet",0.1,15,"Lubbock, TX","Texas"
"KScholting","Retweet",0.1,16,"Corn Valley Farms","Texas"
"bill_pohlmeier","Retweet",0.1,17,"Lawrence, ne","Nebraska"
"NStensaas","Retweet",0.1,18,"","Unknown"
"kristindevloo","Retweet",0.1,19,"","Unknown"
"AAAgronomy","Retweet",0.1,20,"","Unknown"
"PayetteSeeds","Retweet",0.1,21,"Rathwell, MB","Manitoba"
"stacyjpearson","Retweet",0.1,22,"Manitoba","Unknown"
"twinvalleyseed","Retweet",0.1,23,"Andrew, Alberta ","Alberta"
"budmcknightseed","Both",65,24,"Homewood, Manitoba","Manitoba"
"danthecornguy","Retweet",0.1,25,"","Unknown"
"NBuitenhuis","Retweet",0.1,26,"Edam,  Sk","Saskatchewan"
"derekerbseeds","Retweet",0.1,27,"Oak Bluff, Manitoba","Manitoba"
"WWFCandWKfan","Retweet",0.1,28,"Brandon, Manitoba","Manitoba"
"AndreaMoffatt","Retweet",0.1,29,"Manitoba, Canada","Manitoba"
"RoncerayDan","Retweet",0.1,30,"Somerset, Mb","Manitoba"
"lindsayalberts","Retweet",0.1,31,"Yorkton","Saskatchewan"
"AnnexAgro","Retweet",0.1,32,"Milestone SK Canada","Saskatchewan"
"bgdoane","Retweet",0.1,33,"Saskatchewan, Canada","Saskatchewan"
"Campagna911","Retweet",0.1,34,"Saint Isidore de Beauce","Québec"
"cboon6","Retweet",0.1,35,"","Unknown"
"dalefossay","Retweet",0.1,36,"","Unknown"
"mcfaddenrl","Retweet",0.1,37,"","Unknown"
"georg_ridder","Retweet",0.1,38,"Gladstone, Manitoba","Manitoba"
"tmkissinger","Retweet",0.1,39,"","Unknown"
"MNSkins","Retweet",0.1,40,"","Unknown"
"cropjok","Retweet",0.1,41,"","Unknown"
"TyeKjeldgaard","Retweet",0.1,42,"","Unknown"
"Groeteke","Retweet",0.1,43,"Iowa, USA","Iowa"
"JasonBurg2","Retweet",0.1,44,"","Unknown"
"jkmcowgirl","Retweet",0.1,45,"Lincoln, NE","Nebraska"
"TheisAg","Retweet",0.1,46,"","Unknown"
"AgriMarketing","Retweet",0.1,47,"Adel, Iowa","Iowa"
"KostadinovIvan","Retweet",0.1,48,"","Unknown"
"glen_newcomer","Retweet",0.1,49,"Bryan, Ohio","Ohio"
"Story_72","Retweet",0.1,50,"Indiana, USA","Unknown"
"jromshek","Retweet",0.1,51,"","Unknown"
"AgronNateL","Retweet",0.1,52,"","Unknown"
"_farmer_boy_","Retweet",0.1,53,"Ashland, Ohio","Ohio"
"DuPontPioneer","Retweet",0.1,54,"Johnston, Iowa","Iowa"
"schultze_1","Retweet",0.1,55,"woodhull il","Illinois"
"Pioneer_IN","Retweet",0.1,56,"Indiana, USA","Indiana"
"wells_kent","Retweet",0.1,57,"","Unknown"
"kmetijstvo12","Retweet",0.1,58,"","Unknown"
"grains75","Retweet",0.1,59,"PARIS","Île-de-France"
"ksupaul","Retweet",0.1,60,"Hiawatha, KS","Kansas"
"DanSteiner79","Retweet",0.1,61,"Hartington, NE","Nebraska"
"dickeyscot","Retweet",0.1,62,"W MO","Missouri"
"WilsonSeedLLC","Retweet",0.1,63,"Bloomington, IL","Illinois"
"Anderson_BtB","Retweet",0.1,64,"Views expressed are my own","Unknown"
"Delani_Alpaci","Retweet",0.1,65,"La Motte, IA","Iowa"
"CosnerFamEnt","Retweet",0.1,66,"Ashland, IL","Illinois"
"brinker19","Retweet",0.1,67,"Iowa","Iowa"
"ehlersmt","Retweet",0.1,68,"East Central Illinois","Illinois"
"BLAllstar","Retweet",0.1,69,"","Unknown"
"agturbobrazil","Retweet",0.1,70,"Goiania Brazil","State of Goiás"
"ILcornfarmer","Retweet",0.1,71,"Virden, IL","Illinois"
"davidcosgray","Retweet",0.1,72,"","Unknown"
"adamsseedagcy","Retweet",0.1,73,"","Unknown"
"lipcaman66","Retweet",0.1,74,NA,"Unknown"
"ksuhill","Both",45,75,"Whitewater, Ks","Kansas"
"summitfarms_llc","Retweet",0.1,76,NA,"Unknown"
"BigShowFarm","Retweet",0.1,77,"Des Moines/Cedar Rapids","Iowa"
"AdvancedAgSrvcs","Retweet",0.1,78,"Mattoon, IL","Illinois"
"ChrisWoerner","Retweet",0.1,79,"Wilber, Nebraska","Nebraska"
"BruntzAg","Retweet",0.1,80,"","Unknown"
"DougPilkington","Retweet",0.1,81,"","Unknown"
"MikeHoltmeier","Retweet",0.1,82,"","Unknown"
"ZLStejskal","Retweet",0.1,83,NA,"Unknown"
"shoff95","Retweet",0.1,84,"","Unknown"
"billroyfarms","Retweet",0.1,85,"Central Huron, Ontario","Ontario"
"Adrian_Moens","Retweet",0.1,86,"Coalhurst, AB.","Alberta"
"the_scooter27","Retweet",0.1,87,"","Unknown"
"AricBos","Retweet",0.1,88,"Huron County ","Ontario"
"fullthrottle08","Retweet",0.1,89,"St George, Ontario","Ontario"
"KSDonkey","Retweet",0.1,90,"Bloomington, IL","Illinois"
"RyanSteevesKS","Retweet",0.1,91,"","Unknown"
"whiteycornking","Retweet",0.1,92,"KC Missouri","Missouri"
"CoreyFranken","Retweet",0.1,93,"Troy, KS","Kansas"
"kspioneer","Retweet",0.1,94,"","Unknown"
"spook97","Retweet",0.1,95,"Lincoln, NE","Nebraska"
"cyle_odette","Retweet",0.1,96,"Olathe, KS","Kansas"
"FarmingBe","Retweet",0.1,97,"Manitoba, Canada","Manitoba"
"redpath_cole","Retweet",0.1,98,"Killarney, Manitoba","Manitoba"
"JeromeNLensing","Retweet",0.1,99,"rochester, mn","Minnesota"
"tichyva","Retweet",0.1,100,"Stratford, WI","Wisconsin"
"CrosbyWade","Retweet",0.1,101,"Hudson, WI","Wisconsin"
"shanefalk","Retweet",0.1,102,"","Unknown"
"WallyJdubs","Retweet",0.1,103,"","Unknown"
"KulbackiSeeds","Retweet",0.1,104,"","Unknown"
"Mjweirsy","Both",47,105,"Miami, MB","Manitoba"
"201Southrailway","Retweet",0.1,106,"","Unknown"
"bergie_07","Retweet",0.1,107,"Carman, Manitoba, Canada","Manitoba"
"SloaneAgriV","Both",37,108,"","Unknown"
"BryceEger","Retweet",0.1,109,"Canada","Unknown"
"cbrownNS","Retweet",0.1,110,"Annapolis Valley","Nova Scotia"
"NYSAgBiz","Retweet",0.1,111,"","Unknown"
"Jeff56Ro","Retweet",0.1,112,"","Unknown"
"BBFChris","Retweet",0.1,113,"Letellier, MB","Manitoba"
"Mickeytee709","Retweet",0.1,114,"Newfoundland, Canada","Newfoundland and Labrador"
"SchlatterFarms","Retweet",0.1,115,"Wisconsin, USA","Unknown"
"RonGilgenbach","Retweet",0.1,116,"","Unknown"
"JustinGibbs14","Both",67,117,"Carlinville, IL","Illinois"
"clintpickard","Both",46,118,"kc","Missouri"
"_Jeppe","Retweet",0.1,119,"Bloomington, IL","Illinois"
"Sam_Tauchen","Retweet",0.1,120,"Minnesota, USA","Minnesota"
"NDgrower","Retweet",0.1,121,"Stutsman County, North Dakota","North Dakota"
"KnuckeyHannah","Retweet",0.1,122,"Platteville, WI","Wisconsin"
"billmahanna","Retweet",0.1,123,"Iowa","Iowa"
"SD_Ag_Labs","Retweet",0.1,124,"Brookings, SD","South Dakota"
"Agronomist_IN","Retweet",0.1,125,"ÃœT: 44.763535,-85.520394","Utah"
"PatrickBranick","Retweet",0.1,126,"Eau Claire, WI","Wisconsin"
"PietvanBedaf","Retweet",0.1,127,"","Unknown"
"RetzlaffDoug","Retweet",0.1,128,"Carrington, ND","North Dakota"
"CortneyBrandt","Retweet",0.1,129,"Winamac, Indiana","Indiana"
"JacksonLenocker","Retweet",0.1,130,"","Unknown"
"Ma2340002Mumtaz","Retweet",0.1,131,"Sindh, Pakistan","Sindh"
"moraskier","Retweet",0.1,132,"","Unknown"
"fieldagronomy","Retweet",0.1,133,"","Unknown"
"knuts14","Retweet",0.1,134,"Ashville,MB","Manitoba"
"John_Mcculloch","Retweet",0.1,135,"","Unknown"
"SaraALarson","Retweet",0.1,136,"#Wisconsin","Unknown"
"RyanJSchon","Retweet",0.1,137,"Ankeny, Iowa USA","Iowa"
"Bradcross15","Retweet",0.1,138,"","Unknown"
"imholtea","Both",60,139,"Madison, WI","Wisconsin"
"AprilNichol1","Retweet",0.1,140,"","Unknown"
"KeenSeeds","Retweet",0.1,141,"Manitou, Mb","Manitoba"
"kennel9","Both",38,142,"Davenport, Ne","Nebraska"
"proagservices1","Retweet",0.1,143,"","Unknown"
"BlakeBrownridge","Retweet",0.1,144,"SE Saskatchewan","Saskatchewan"
"pioneerECIN","Retweet",0.1,145,"EC IN  --  WC IL","Illinois"
"CompassAg","Retweet",0.1,146,"Franklin, IN","Indiana"
"JasonSchmidtAG","Retweet",0.1,147,"Central Illinois","Illinois"
"jrb1086","Retweet",0.1,148,"","Unknown"
"CmacColby","Retweet",0.1,149,"Bringhurst, IN","Indiana"
"EricKnippen","Retweet",0.1,150,"","Unknown"
"266neugebauer","Retweet",0.1,151,"","Unknown"
"brycerampton","Retweet",0.1,152,"Morden, MB","Manitoba"
"BloshaRod","Retweet",0.1,153,"Benito, mb","Manitoba"
"farming46392","Retweet",0.1,154,"Indiana","Indiana"
"obcagsupply","Retweet",0.1,155,"Primghar","Iowa"
"agrifoodguy","Retweet",0.1,156,"Wichita, KS","Kansas"
"GreinerCory","Retweet",0.1,157,"keota Iowa","Iowa"
"oswald_derek","Retweet",0.1,158,"Effingham, ks","Kansas"
"TheCropGuy","Retweet",0.1,159,"","Unknown"
"BetzoldSarah","Retweet",0.1,160,"Northfield, MN","Minnesota"
"leolillyliza","Retweet",0.1,161,"Berwick, IL","Illinois"
"bennettagsrvc","Retweet",0.1,162,"Plainview MN","Minnesota"
"spec_ops_mom","Retweet",0.1,163,"Corpus Christi, TX","Texas"
"PielRyan","Retweet",0.1,164,"Arcadia, IN","Indiana"
"PioneerTechILIN","Retweet",0.1,165,"Illinois and Indiana","Indiana"
"fabriciopicco","Retweet",0.1,166,"Argentina.","Unknown"
"rushriver123","Retweet",0.1,167,"","Unknown"
"BrummelsEd","Both",81,168,"","Unknown"
"GroCorn","Retweet",0.1,169,"","Unknown"
"CadenGamer13","Retweet",0.1,170,NA,"Unknown"
"JasonSchwarz44","Retweet",0.1,171,"","Unknown"
"PetersonSeed","Retweet",0.1,172,"Williamsport, IN","Indiana"
"CKSeeds","Retweet",0.1,173,"Clark SD","South Dakota"
"MattPowe1","Both",34,174,"Iola, KS","Kansas"
"dikeman","Retweet",0.1,175,"Indiana","Indiana"
"TimKaus","Retweet",0.1,176,"Northwest illinois","Unknown"
"Heim2Nathan","Retweet",0.1,177,"","Unknown"
"jdouglass05","Retweet",0.1,178,"","Unknown"
"sognvalleymom","Both",34,179,"Minnesota","Unknown"
"HaslerTim","Retweet",0.1,180,"","Unknown"
"DornJoel","Retweet",0.1,181,"Minnesota, USA","Minnesota"
"JoshShofner","Retweet",0.1,182,"Zumbrota, MN","Minnesota"
"farmerfuchs","Retweet",0.1,183,"Faribault","Minnesota"
"gerrad_eide","Retweet",0.1,184,"Minnesota, USA","Minnesota"
"horob","Retweet",0.1,185,"Grand Meadow, MN","Minnesota"
"AgNews_Otto","Retweet",0.1,186,"Northern Illinois","Illinois"
"grimet","Retweet",0.1,187,"","Unknown"
"abhimans","Retweet",0.1,188,"Hyderabad, INDIA","Telangana"
"FabioKPiTTeLkoW","Retweet",0.1,189,"Lucas do Rio Verde","Mato Grosso"
"SampleAgri","Retweet",0.1,190,"Killarney,Manitoba, Canada","Manitoba"
"KatzbergAg","Retweet",0.1,191,"Hastings, NE","Nebraska"
"Tfarmandranch","Retweet",0.1,192,"Norton Co KS&Furnas Co NE","Kansas"
"DavePanko","Both",36,193,"Nebraska, USA","Nebraska"
"MaillouxJosh","Retweet",0.1,194,"Amherstburg","Ontario"
"travis_huls","Retweet",0.1,195,"","Unknown"
"CHeidebrink","Retweet",0.1,196,"","Unknown"
"hayuchad","Retweet",0.1,197,"Viborg SD ","South Dakota"
"gkeurentjes","Retweet",0.1,198,"Henryville","Indiana"
"jimbomanes","Retweet",0.1,199,"","Unknown"
"BrandonVossler","Retweet",0.1,200,"","Unknown"
"B_Ebbers84","Retweet",0.1,201,"","Unknown"
"SeanFintel","Retweet",0.1,202,"Denton, NE","Nebraska"
"rparra11","Retweet",0.1,203,"MÃ©rida, Venezuela","Mérida"
"carlsonmatt88","Retweet",0.1,204,"","Unknown"
"kate_kurtz","Retweet",0.1,205,"","Unknown"
"shiremanseed","Retweet",0.1,206,"La Monte Missouri","Missouri"
"travisdmoore25","Retweet",0.1,207,"Owatonna, MN","Minnesota"
"JulianMuguerza","Retweet",0.1,208,"","Unknown"
"FosterMack","Retweet",0.1,209,"","Unknown"
"Anthony9Preston","Retweet",0.1,210,"Lanark Il","Illinois"
"boilerseedguy","Retweet",0.1,211,"","Unknown"
"perrybrent","Retweet",0.1,212,"Eldora, IA 50627","Iowa"
"1jamiemartin","Both",44,213,"Monmouth / Warren County IL","Illinois"
"bzimmrmn","Retweet",0.1,214,"Groveland, IL","Illinois"
"AgriBruce","Retweet",0.1,215,"","Unknown"
"smbmadden","Retweet",0.1,216,"Eldridge, Iowa","Iowa"
"CarlileAg","Retweet",0.1,217,"Otterbein, IN","Indiana"
"carmanfarmer","Retweet",0.1,218,"Carman MB","Manitoba"
"naimelessauthor","Retweet",0.1,219,NA,"Unknown"
"lance_strange","Retweet",0.1,220,"Rensselaer, IN","Indiana"
"cooker_n","Retweet",0.1,221,NA,"Unknown"
"pukstup","Retweet",0.1,222,"Glenboro, MB","Manitoba"
"balloonrita","Retweet",0.1,223,"Pleasant Hill, Missouri, USA","Missouri"
"mattfawl34","Retweet",0.1,224,"","Unknown"
"3g_seed","Retweet",0.1,225,"Paola, KS","Kansas"
"MBGretz99","Retweet",0.1,226,"","Unknown"
"JeanCaron99","Retweet",0.1,227,"St-Jean-Port-Joli","Québec"
"NayHarley","Retweet",0.1,228,"Souris,MB","Manitoba"
"mcfarmer4","Retweet",0.1,229,"","Unknown"
"PioneerWCanada","Retweet",0.1,230,"Western Canada","British Columbia"
"sloanefarms","Retweet",0.1,231,"","Unknown"
"mertenmf","Retweet",0.1,232,"Austin Mn","Minnesota"
"D_Carpenter41","Retweet",0.1,233,"","Unknown"
"voss_cory","Retweet",0.1,234,"","Unknown"
"PatVanL","Retweet",0.1,235,"","Unknown"
"2Kuehl","Retweet",0.1,236,"","Unknown"
"jlsoukup","Retweet",0.1,237,"Wagner, SD","South Dakota"
"boersmajeff","Both",38,238,"Olivia, Mn","Minnesota"
"ErinErbie","Retweet",0.1,239,"Oak Bluff","Illinois"
"TFrappier","Retweet",0.1,240,"","Unknown"
"FransenFarms","Retweet",0.1,241,"Alpha MN","Minnesota"
"gregdhanson","Retweet",0.1,242,"Watertown, SD","South Dakota"
"FrommRyan","Retweet",0.1,243,"Granite Falls MN","Minnesota"
"daron_small","Retweet",0.1,244,"Lyle, MN","Minnesota"
"GarvickJason","Retweet",0.1,245,"Kiester MN","Minnesota"
"WeirSpencer","Retweet",0.1,246,"","Unknown"
"ScottHanna3","Retweet",0.1,247,"Wabasso, MN","Minnesota"
"tolzinwhitney","Retweet",0.1,248,"","Unknown"
"steve_sieg","Retweet",0.1,249,"","Unknown"
"behrenjeff","Retweet",0.1,250,"","Unknown"
"Phil_FarmLink","Retweet",0.1,251,"110-93 Lombard Ave. Winnipeg","Manitoba"
"JesseOlson1","Retweet",0.1,252,"Murdock MN","Minnesota"
"risrockag","Retweet",0.1,253,"Rockhaven, Sk. Canada","Saskatchewan"
"jbz2332","Retweet",0.1,254,"North Mankato, MN","Minnesota"
"woodclones","Retweet",0.1,255,"","Unknown"
"emily_floryag14","Retweet",0.1,256,"Menomonie, WI","Wisconsin"
"HinrichsMike","Both",51,257,"Shickley NE","Nebraska"
"WieselerAgTech","Retweet",0.1,258,"@wieseleragtechnologies","Unknown"
"brandonmoe1","Retweet",0.1,259,"","Unknown"
"steppler_andre","Retweet",0.1,260,"Miami, Manitoba Canada","Manitoba"
"hybridmaizeman","Retweet",0.1,261,"Lives in Wayne, Nebraska","Nebraska"
"douggy21","Retweet",0.1,262,"","Unknown"
"ncarlsonpioneer","Retweet",0.1,263,"","Unknown"
"_JoshBlum","Retweet",0.1,264,"Seward, NE","Nebraska"
"gavinpopefarms","Retweet",0.1,265,"","Unknown"
"jederickson77","Retweet",0.1,266,"","Unknown"
"ChrisZ22Agron","Retweet",0.1,267,"Northeast Nebraska","Nebraska"
"rifleron","Retweet",0.1,268,"Texas Pioneer ","Texas"
"innovation_ag","Retweet",0.1,269,"Cooperstown ND, 58425","North Dakota"
"Texasagronomo","Retweet",0.1,270,"Austin","Texas"
"LukeStamp","Retweet",0.1,271,"Iowa","Iowa"
"WillemBuitelaar","Retweet",0.1,272,"","Unknown"
"paulanezCCA","Retweet",0.1,273,"","Unknown"
"_JaniceAnderson","Retweet",0.1,274,"Ridgetown, Ontario","Ontario"
"RonGehl","Retweet",0.1,275,"Manhattan, KS","Kansas"
"MichaelMichlig","Retweet",0.1,276,"","Unknown"
"SchirpStephan","Retweet",0.1,277,"Earth","Texas"
"jcalder1983","Retweet",0.1,278,NA,"Unknown"
"timlemmons","Retweet",0.1,279,"","Unknown"
"brandon_ag24","Both",73,280,"Western missouri ","Missouri"
"MMKurtz","Retweet",0.1,281,"","Unknown"
"JosephKeaschall","Retweet",0.1,282,"Lincoln, NE","Nebraska"
"mcclurewm","Retweet",0.1,283,"Lincoln Ne","Nebraska"
"WrageSeed","Retweet",0.1,284,"","Unknown"
"ryjohnso80","Retweet",0.1,285,"Hatton, ND","North Dakota"
"jlhinrichs312","Retweet",0.1,286,"","Unknown"
"KostJeff","Retweet",0.1,287,"","Unknown"
"ZouFan81","Retweet",0.1,288,"","Unknown"
"farmer_bj","Retweet",0.1,289,"Northeast Nebraska","Nebraska"
"PioneerNebr","Retweet",0.1,290,"Nebraska","Nebraska"
"UnverferthMfg","Retweet",0.1,291,"Kalida, OH USA","Ohio"
"NEMOFarmer","Retweet",0.1,292,"","Unknown"
"MizzouRahAmy","Retweet",0.1,293,"","Unknown"
"southern_seed0","Retweet",0.1,294,"Minto, Manitoba","Manitoba"
"Plenish","Retweet",0.1,295,"","Unknown"
"Dbahe1","Retweet",0.1,296,"","Unknown"
"jonbottiger","Retweet",0.1,297,"","Unknown"
"PedersonSeed2","Retweet",0.1,298,"Hiawatha, KS","Kansas"
"marketcrops","Retweet",0.1,299,"Des Moines, IA","Iowa"
"micksterbrau","Retweet",0.1,300,"South Central Nebraska","Nebraska"
"kamficken","Retweet",0.1,301,"","Unknown"
"saathoffseeds","Retweet",0.1,302,"Manteno, IL","Illinois"
"Vermeer1Darrian","Retweet",0.1,303,"RM of Argyle","Manitoba"
"lknuts8","Both",37,304,"Minnesota, USA","Minnesota"
"_JakeMoss_","Retweet",0.1,305,"","Unknown"
"Koch_43","Retweet",0.1,306,"Nebraska, USA","Nebraska"
"CardyCropSol","Retweet",0.1,307,"Minnedosa, MB","Manitoba"
"davisjon_davis","Retweet",0.1,308,"hayfield mn","Minnesota"
"johnsg1","Retweet",0.1,309,"Ong, Ne","Nebraska"
"baldagronomist","Retweet",0.1,310,"","Unknown"
"cdrhill1","Retweet",0.1,311,"Randolph County, IL","Illinois"
"tcunningham10","Retweet",0.1,312,"Central Ohio","Ohio"
"PioneerAgron_IA","Retweet",0.1,313,"Iowa","Iowa"
"GentleSeedSales","Retweet",0.1,314,"Bradford, IL","Illinois"
"BW4MN","Retweet",0.1,315,"Garner, IA","Iowa"
"pioneer4yield","Retweet",0.1,316,"Trimont, MN","Minnesota"
"mickhudd","Retweet",0.1,317,"Canyon, TX","Texas"
"IntelSeed","Retweet",0.1,318,"Oakville, MB ","Manitoba"
"jbrow170","Retweet",0.1,319,"Arpin, Wisconsin","Wisconsin"
"Schippers_andy","Retweet",0.1,320,"","Unknown"
"zwa3413","Retweet",0.1,321,NA,"Unknown"
"degroot_mark","Retweet",0.1,322,"Brookings, SD","South Dakota"
"zackyoungquist","Retweet",0.1,323,"","Unknown"
"alanstuff","Retweet",0.1,324,"Chatham, IL","Illinois"
"Byoder78","Retweet",0.1,325,"","Unknown"
"KraeuterVerbena","Retweet",0.1,326,"Usedom","Unknown"
"DaveHenderson12","Retweet",0.1,327,"Alexandria, Indiana","Indiana"
"VincentMaciej","Both",56,328,"Minnesota, USA","Unknown"
"sassyfarmwife","Retweet",0.1,329,"","Unknown"
"FaithLois12","Retweet",0.1,330,"Wisconsin ","Wisconsin"
"VanillaGohrilla","Retweet",0.1,331,"River Falls, Wisconsin","Wisconsin"
"Matt4ksuMatt","Retweet",0.1,332,"Nebraska, USA","Nebraska"
"MikeStenvold","Retweet",0.1,333,"Thompson , ND","North Dakota"
"rtb175","Retweet",0.1,334,"Wisconsin","Wisconsin"
"michaeldunnCCA","Retweet",0.1,335,"","Unknown"
"Troy_Bauer","Retweet",0.1,336,"Dallas Center, IA","Iowa"
"FarmerForearms","Retweet",0.1,337,"Comfrey MN","Minnesota"
"ridderr56","Retweet",0.1,338,"","Unknown"
"dewey8132","Retweet",0.1,339,"Norfolk, Ne","Nebraska"
"Weberbrisu","Retweet",0.1,340,"Mankato, MN","Minnesota"
"KorusGreg","Retweet",0.1,341,"","Unknown"
"JeffreyBoerboom","Retweet",0.1,342,"Slayton MN ","Minnesota"
"jdemmer","Retweet",0.1,343,"Clarks Grove, MN","Minnesota"
"tcuning","Retweet",0.1,344,"Vankleek Hill, ON","Ontario"
"KellyHerbick","Retweet",0.1,345,"","Unknown"
"SchwabRandy","Retweet",0.1,346,"New Ulm, MN","Minnesota"
"timocroppy","Retweet",0.1,347,"Central Nebraska","Nebraska"
"jemeuretgrain","Retweet",0.1,348,"Brunswick, Ne","Nebraska"
"nckohls","Retweet",0.1,349,"Sedgwick Co., KS","Kansas"
"clo3pioneer","Retweet",0.1,350,"","Unknown"
"dragon_viper","Retweet",0.1,351,"Halstead, Ks ","Kansas"
"SommerJason","Retweet",0.1,352,"Parkston SD","South Dakota"
"ThomasBerkland","Retweet",0.1,353,"","Unknown"
"ttheede","Retweet",0.1,354,"","Unknown"
"kevin_kjr32","Retweet",0.1,355,"","Unknown"
"KevinHoffman63","Retweet",0.1,356,"","Unknown"
"JeffHubl","Retweet",0.1,357,"","Unknown"
"pioneerrichter","Retweet",0.1,358,"","Unknown"
"Buendoch23","Retweet",0.1,359,"","Unknown"
"LizRehberg","Retweet",0.1,360,"Whitewater, WI","Wisconsin"
"CharlieShoemake","Retweet",0.1,361,"Cozad, NE","Nebraska"
"RheaultAg","Retweet",0.1,362,"Hills, MN","Minnesota"
"CTilly33","Retweet",0.1,363,"","Unknown"
"cdressen18","Retweet",0.1,364,"","Unknown"
"bwhite1522","Retweet",0.1,365,"","Unknown"
"rob_brueckner","Retweet",0.1,366,"","Unknown"
"pioneerperry","Retweet",0.1,367,"Osseo, WI","Wisconsin"
"CodyRob1","Retweet",0.1,368,"Wilcox NE","Nebraska"
"bensendaf","Retweet",0.1,369,"Wisconsin, USA","Wisconsin"
"1Huskers18","Retweet",0.1,370,"","Unknown"
"wardynmi","Retweet",0.1,371,"Nebraska, USA","Unknown"
"FastGrassGuy","Retweet",0.1,372,"Dennison,MN ","Minnesota"
"frederickseed","Retweet",0.1,373,"","Unknown"
"FredSchliep","Retweet",0.1,374,"","Unknown"
"redraiderks","Retweet",0.1,375,"Silex, Missouri","Missouri"
"RedRiverMktgCo","Retweet",0.1,376,"Elbow Lake, MN","Minnesota"
"stangme1","Retweet",0.1,377,"","Unknown"
"Qshizzle97","Retweet",0.1,378,"","Unknown"
"tyler_heim14","Retweet",0.1,379,"","Unknown"
"AgTechLaura","Retweet",0.1,380,"Lincoln, NE","Nebraska"
"TylerShalla","Retweet",0.1,381,"Nebraska","Unknown"
"rachelhstevens","Retweet",0.1,382,"","Unknown"
"PedersonSeed","Retweet",0.1,383,"","Unknown"
"MikeCreurer","Retweet",0.1,384,"Regina, sk","Saskatchewan"
"CarolynWilsonAg","Retweet",0.1,385,"Assiniboia, SK","Saskatchewan"
"SpurlingLandon","Retweet",0.1,386,"Shickley, NE","Nebraska"
"RKlewchuk","Retweet",0.1,387,"Regina, SK","Saskatchewan"
"VinceAnez","Retweet",0.1,388,"Little Falls, MN","Minnesota"
"CThaubergerAG","Retweet",0.1,389,"Indian Head, Saskatchewan","Saskatchewan"
"StableNmbmd","Retweet",0.1,390,"1 mile south of Oak bank","Indiana"
"DFotheringham22","Retweet",0.1,391,"Manitoba","Manitoba"
"BrianKFerris","Retweet",0.1,392,"Minnesota","Minnesota"
"09toph","Retweet",0.1,393,"","Unknown"
"ripcord808","Retweet",0.1,394,"Kenyon, MN","Minnesota"
"JohnnyCornSeed","Retweet",0.1,395,"Orillia, Ontario Canada","Ontario"
"MattAddington","Retweet",0.1,396,"Minnesota","Minnesota"
"brockman_keith","Retweet",0.1,397,"essex","England"
"Toddbrady8","Retweet",0.1,398,"Merlin,Ontario,Canada","Ontario"
"ShaneCSR","Retweet",0.1,399,"Brandon Manitoba","Manitoba"
"UkChem","Retweet",0.1,400,"","Unknown"
"joeldang","Retweet",0.1,401,"Iowa","Iowa"
"superlooper7","Retweet",0.1,402,"Highland, KS","Kansas"
"blue_goose_farm","Retweet",0.1,403,"","Unknown"
"PioneerKansas","Retweet",0.1,404,"Kansas ","Kansas"
"PioneerMissouri","Retweet",0.1,405,"Missouri, USA","Missouri"
"Deb24469738","Retweet",0.1,406,"Northeast Nebraska","Nebraska"
"agroinformatik","Retweet",0.1,407,"RÃ­o Cuarto, Argentina","Cordoba"
"218_234","Retweet",0.1,408,"Detroit Lakes, MN","Minnesota"
"Jeremy_OShea","Retweet",0.1,409,"Lucan Biddulph, Ontario","Ontario"
"PankratzPlot","Retweet",0.1,410,"","Unknown"
"gregchandler12","Retweet",0.1,411,"Carberry","Manitoba"
"douche_chong","Retweet",0.1,412,"","Unknown"
"glfiscus","Retweet",0.1,413,"","Unknown"
"JSCropsGuy","Retweet",0.1,414,"Sun Prairie,WI","Wisconsin"
"leo___g","Retweet",0.1,415,"Belle River, Ontario Canada","Ontario"
"EE_NDNews","Retweet",0.1,416,"Nebraska, USA","Nebraska"
"lerowalsh","Retweet",0.1,417,"","Unknown"
"travismckay10","Retweet",0.1,418,"Knapp, Wisconsin","Wisconsin"
"GregHolthaus1","Retweet",0.1,419,"","Unknown"
"PhillipsAgCentr","Retweet",0.1,420,"","Unknown"
"joe_hora","Retweet",0.1,421,"Fort Dodge, IA","Iowa"
"jkwboehm","Retweet",0.1,422,"Central, IL","Illinois"
"TobyBMW","Retweet",0.1,423,"","Unknown"
"JCHINZ","Retweet",0.1,424,"","Unknown"
"skehrke","Retweet",0.1,425,"springfield, NE","Nebraska"
"EmanWilliams_","Retweet",0.1,426,"Grand Island, NE","Nebraska"
"DannyGifford01","Retweet",0.1,427,"Lincoln, NE","Nebraska"
"bdebo67","Retweet",0.1,428,"","Unknown"
"Eickhoff_Ag_LLC","Retweet",0.1,429,"","Unknown"
"BpottebaumPrime","Retweet",0.1,430,"Readlyn, IA","Iowa"
"Jonathan_Stech","Retweet",0.1,431,"Nebraska, USA","Nebraska"
"HartwigSeeds","Retweet",0.1,432,"","Unknown"
"DelmarvaCropQn","Retweet",0.1,433,"Delmarva","New Jersey"
"ZachEhlert","Retweet",0.1,434,"stanhope, IA","Iowa"
"Jacobwolf106","Retweet",0.1,435,"Independence, Iowa","Iowa"
"SirKleinschmidt","Retweet",0.1,436,"","Unknown"
"Rustyjunk2","Retweet",0.1,437,"Dreamland","Michigan"
"hutchfl","Retweet",0.1,438,"Manitoba","Manitoba"
"jefftalma","Retweet",0.1,439,"Iowa","Iowa"
"VinzEnergy","Retweet",0.1,440,"London Paris Dubai Glasgow","Scotland"
"JayCaron86","Retweet",0.1,441,"RiviÃ¨re-du-Loup","Québec"
"AgWorx","Retweet",0.1,442,"","Unknown"
"SusanKerr8","Retweet",0.1,443,"","Unknown"
"Jeff_Mertz","Retweet",0.1,444,"hurdsfield, nd","North Dakota"
"IntelliAg","Retweet",0.1,445,"Manitoba, Canada","Manitoba"
"wadedavidbarnes","Retweet",0.1,446,"Winnipeg Manitoba","Manitoba"
"chao062","Retweet",0.1,447,"","Unknown"
"NRN42","Retweet",0.1,448,"Marshall, MN","Minnesota"
"tealkarine","Retweet",0.1,449,"","Unknown"
"Gradeabeef15","Retweet",0.1,450,"Wellwood, Manitoba","Manitoba"
"R_Tisthammer","Retweet",0.1,451,"","Unknown"
"Agronomo_MikeK","Retweet",0.1,452,"Wakeeney, KS","Kansas"
"FOGARTYCROP","Retweet",0.1,453,"","Unknown"
"schane_m","Retweet",0.1,454,"South Africa ","Unknown"
"MikeGronski","Retweet",0.1,455,"","Unknown"
"SuzanneJustman","Retweet",0.1,456,"","Unknown"
"RobbinYield","Retweet",0.1,457,NA,"Unknown"
"TDEnter1","Retweet",0.1,458,"","Unknown"
"_alimorgan_","Retweet",0.1,459,NA,"Unknown"
"jsole090","Retweet",0.1,460,NA,"Unknown"
"waldner_andrew","Retweet",0.1,461,NA,"Unknown"
"PeterPetergross","Retweet",0.1,462,NA,"Unknown"
"BrianKoehler7","Retweet",0.1,463,"York, NE","Nebraska"
"wollman_steven","Retweet",0.1,464,"Glenboro MB","Manitoba"
"Matthewhofer11","Retweet",0.1,465,"","Unknown"
"Morgan_Shrader","Tweet",35,466,"Illinois","Illinois"
"TheisAg ","Tweet",36,467,NA,"Unknown"
"WCIndianaAG","Tweet",50,468,"","Unknown"
"derekerbseeds ","Tweet",34,469,NA,"Unknown"
"StephKasper1","Tweet",65,470,"Southern Minnesota","Wisconsin"
"ChadEri74211672","Tweet",31,471,"Edgar, WI","Wisconsin"
"jasonmauck1","Tweet",120,472,"","Unknown"
"thomasbh11","Tweet",52,473,"","Unknown"
"JefferiesSeeds","Tweet",80,474,"Glenboro, MB","Manitoba"
"scc6fd","Tweet",46,475,"","Unknown"
"BauersSeed","Tweet",62,476,"Durand","Michigan"
"JeremyOlson12","Tweet",36,477,"Hiawatha, KS","Kansas"
"Deere_Andrea","Tweet",60,478,"","Unknown"
"Missy_CCA","Tweet",40,479,"Little Falls, MN","Minnesota"
"banks_abanks","Tweet",47,480,"Nebraska, USA","Nebraska"
"mageskj","Tweet",37,481,"Minnesota, USA","Minnesota"
"farmerfouch","Tweet",31,482,"Grand Junction,  IA","Iowa"
